data_semana,excesso_cumulativo_por_milhao,mortes_covid,cobertura_vacinal
2020-01-06,-51.523647,0,
2020-01-13,-64.94348,0,
2020-01-20,-84.98584,0,
2020-01-27,-89.58858,0,
2020-02-03,-109.84458,0,
2020-02-10,-149.3661,0,
2020-02-17,-168.74817,0,
2020-02-24,-188.73228,0,
2020-03-02,-208.93001,0,
2020-03-09,-205.62846,0,
2020-03-16,-188.53807,0,
2020-03-23,-156.3188,26,
2020-03-30,-115.806816,124,
2020-04-06,-72.16807,206,
2020-04-13,-40.162422,246,
2020-04-20,-13.885953,217,
2020-04-27,0.38840607,187,
2020-05-04,19.964666,140,
2020-05-11,24.645098,80,
2020-05-18,34.5886,69,
2020-05-25,70.2842,68,
2020-06-01,79.21782,69,
2020-06-08,73.95476,50,
2020-06-15,64.86578,31,
2020-06-22,85.99571,20,
2020-06-29,105.30009,38,
2020-07-06,138.47098,54,
2020-07-13,212.69765,41,
2020-07-20,264.6097,29,
2020-07-27,290.22586,29,
2020-08-03,300.20822,18,
2020-08-10,306.83072,22,
2020-08-17,311.7442,19,
2020-08-24,334.66086,23,
2020-08-31,350.72195,21,
2020-09-07,389.64145,22,
2020-09-14,414.57788,28,
2020-09-21,412.51926,49,
2020-09-28,430.15344,37,
2020-10-05,453.14777,61,
2020-10-12,475.1128,81,
2020-10-19,493.95108,105,
2020-10-26,536.57996,146,
2020-11-02,583.40375,245,
2020-11-09,642.61804,377,
2020-11-16,695.07385,527,
2020-11-23,738.82916,480,
2020-11-30,793.46014,532,
2020-12-07,861.3362,534,
2020-12-14,907.4414,609,
2020-12-21,927.21185,543,
2020-12-28,982.8079,492,
2021-01-04,1077.3453,530,5.7597746e-05
2021-01-11,1246.5563,745,0.0020351205
2021-01-18,1452.249,1109,0.013996253
2021-01-25,1639.1664,1698,0.32605124
2021-02-01,1757.4741,2014,0.7615382
2021-02-08,1823.3821,1587,1.0803514
2021-02-15,1837.9397,1034,1.8995737
2021-02-22,1833.8776,608,2.3409262
2021-03-01,1816.5795,326,2.5225894
2021-03-08,1790.4183,209,2.8302574
2021-03-15,1768.0474,130,3.3150768
2021-03-22,1746.2595,88,4.3709106
2021-03-29,1736.8912,59,4.5887456
2021-04-05,1711.8186,42,5.413276
2021-04-12,1691.333,34,5.9407372
2021-04-19,1675.6285,27,6.4813113
2021-04-26,1659.6326,19,7.8382277
2021-05-03,1659.8075,13,8.724859
2021-05-10,1652.4607,15,10.861965
2021-05-17,1634.1907,17,13.822086
2021-05-24,1635.1819,7,15.960317
2021-05-31,1625.4055,7,19.152634
2021-06-07,1625.289,12,22.443998
2021-06-14,1629.6232,10,24.894093
2021-06-21,1610.3037,22,28.66517
2021-06-28,1613.5496,19,32.01757
2021-07-05,1620.702,31,36.208458
2021-07-12,1634.9293,49,42.223576
2021-07-19,1640.3909,52,47.276173
2021-07-26,1645.8718,86,52.360664
2021-08-02,1655.1622,79,57.199604
2021-08-09,1663.3838,103,62.114506
2021-08-16,1686.61,89,65.54526
2021-08-23,1697.7274,70,67.87748
2021-08-30,1719.4764,83,69.2513
2021-09-06,1727.3676,80,72.169365
2021-09-13,1733.937,56,75.18555
2021-09-20,1748.1836,48,77.69235
2021-09-27,1756.5995,40,78.71564
2021-10-04,1771.4098,45,79.30331
2021-10-11,1791.0986,49,79.75626
2021-10-18,1795.3746,51,80.13045
2021-10-25,1808.5718,38,80.4247
2021-11-01,1816.6183,25,80.608444
2021-11-08,1848.4935,45,80.745834
2021-11-15,1880.0385,60,80.90204
2021-11-22,1917.2587,79,81.04251
2021-11-29,1963.2639,92,81.17719
2021-12-06,1994.4006,122,81.32857
2021-12-13,2009.4442,122,81.51007
2021-12-20,2022.1361,125,81.64694
2021-12-27,2018.5658,93,81.79324
2022-01-03,1978.608,114,81.98431
2022-01-10,1945.602,133,82.10809
2022-01-17,1931.1339,205,82.2756
2022-01-24,1919.4698,281,82.38888
2022-01-31,1929.615,292,82.48845
2022-02-07,1926.5968,355,83.088
2022-02-14,1924.2212,301,83.19126
2022-02-21,1912.5376,298,83.291885
2022-02-28,1898.0111,202,84.250114
2022-03-07,1900.1141,155,84.311745
2022-03-14,1906.1117,140,84.40709
2022-03-21,1922.4297,127,84.450424
2022-03-28,1944.278,158,84.54984
2022-04-04,1958.3761,151,84.63677
2022-04-11,1982.23,152,84.67621
2022-04-18,2003.0851,145,84.69289
2022-04-25,2023.9402,127,84.751205
2022-05-02,2039.2845,128,84.813156
2022-05-09,2083.02,131,84.87204
2022-05-16,2113.2803,192,84.9316
2022-05-23,2146.2864,223,84.98554
2022-05-30,2184.18,231,85.03825
2022-06-06,2236.4248,295,85.07313
2022-06-13,2306.5652,262,85.10236
2022-06-20,2316.7883,269,85.13188
2022-06-27,2337.3513,155,85.17247
2022-07-04,2382.3718,136,85.20191
2022-07-11,2461.8394,139,85.22691
2022-07-18,2504.679,119,85.24895
2022-07-25,2540.9175,83,85.26871
2022-08-01,2561.4026,70,85.287865
2022-08-08,2569.1333,70,85.303185
2022-08-15,2584.984,57,85.31738
2022-08-22,2590.1636,40,85.33009
2022-08-29,2607.4553,45,85.346634
2022-09-05,2618.944,48,85.36268
2022-09-12,2640.3054,39,85.375595
2022-09-19,2661.3748,41,85.38509
2022-09-26,2658.9797,42,85.39403
2022-10-03,2672.922,50,85.40309
2022-10-10,2691.5574,42,85.41117
2022-10-17,2699.7163,47,85.419
2022-10-24,2712.2373,50,85.42774
2022-10-31,2728.8474,61,85.439
2022-11-07,2750.4424,49,85.44362
2022-11-14,2769.2725,55,85.449974
2022-11-21,2799.5327,48,85.455376
2022-11-28,2836.55,60,85.46201
2022-12-05,2886.322,69,85.46697
2022-12-12,2940.9036,73,85.471306
2022-12-19,2965.186,71,85.47717
2022-12-26,2979.642,59,85.48023
2023-01-02,2965.141,50,85.4827
2023-01-09,2935.5537,61,85.48514
2023-01-16,2911.0796,58,85.48844
2023-01-23,2882.878,64,85.49201
2023-01-30,2888.1475,33,85.49641
2023-02-06,2899.0574,27,85.50079
2023-02-13,2894.705,52,85.50379
2023-02-20,2887.367,57,85.50705
2023-02-27,2888.694,53,85.509125
2023-03-06,2899.5647,49,85.51146
2023-03-13,2896.5786,42,85.51303
2023-03-20,2887.152,57,85.514915
2023-03-27,2883.561,45,85.51638
2023-04-03,2870.0554,44,85.51785
2023-04-10,2857.5452,30,85.51888
2023-04-17,2861.351,36,85.52031
2023-04-24,2874.915,39,85.52153
2023-05-01,2880.7117,34,85.52276
2023-05-08,2873.1,50,85.523285
2023-05-15,2877.3547,24,85.52405
2023-05-22,2886.8984,42,85.524734
2023-05-29,2895.193,36,85.525505
2023-06-05,2907.43,46,85.52609
2023-06-12,2912.1335,40,85.526375
2023-06-19,2911.431,45,85.52673
2023-06-26,2917.6763,26,85.52706
2023-07-03,2920.6233,27,85.52754
2023-07-10,2924.722,30,85.5279
2023-07-17,2927.3372,23,85.52816
2023-07-24,2929.5815,31,85.528366
2023-07-31,2936.5295,37,85.52863
2023-08-07,2954.4067,45,85.52882
2023-08-14,2970.3716,33,85.52904
2023-08-21,2999.2563,52,85.52915
2023-08-28,3015.9822,73,85.5294
2023-09-04,3028.3557,54,85.52961
2023-09-11,3045.4524,56,85.52967
2023-09-18,3059.2312,60,85.52982
2023-09-25,3074.0835,68,85.53006
2023-10-02,3081.9878,42,85.53044
2023-10-09,3094.986,37,85.53044
2023-10-16,3095.2397,53,85.53044
2023-10-23,3099.3772,40,85.53044
2023-10-30,3103.515,48,85.53044
2023-11-06,3122.0166,17,85.53044
2023-11-13,3123.7927,26,85.53044
2023-11-20,3120.3381,19,85.53044
2023-11-27,3122.485,18,85.53044
2023-12-04,3138.9768,27,85.53044
2023-12-11,3154.9219,26,85.53044
2023-12-18,3179.142,32,85.53044
2023-12-25,3252.1348,43,85.53044
